<?xml version="1.0" encoding="UTF-8"?>

<Organization xmlns="http://hl7.org/fhir">
  <id value="PrimarySourceOrganization-f8881e4c-272a-11ee-be56-0242ac120002"/>
  <text>
    <status value="generated"/><div xmlns="http://www.w3.org/1999/xhtml"><p><b>Generated Narrative: Organization</b><a name="PrimarySourceOrganization-f8881e4c-272a-11ee-be56-0242ac120002"> </a></p><div style="display: inline-block; background-color: #d9e0e7; padding: 6px; margin: 4px; border: 1px solid #8da1b4; border-radius: 5px; line-height: 60%"><p style="margin-bottom: 0px">Resource Organization &quot;PrimarySourceOrganization-f8881e4c-272a-11ee-be56-0242ac120002&quot; </p></div><p><b>identifier</b>: id: f8881e4c-272a-11ee-be56-0242ac120002 (use: OFFICIAL)</p><p><b>name</b>: PrimarySource Organization</p></div>
  </text>
  <identifier>
    <use value="official"/>
    <value value="f8881e4c-272a-11ee-be56-0242ac120002"/>
  </identifier>
  <name value="PrimarySource Organization"/>
</Organization>