{
  "package": "NCQACredentialingDQPSV",
  "version": "1.0.0",
  "fhirVersion": "4.0.1",
  "jurisdiction": "001",
  "extensions": [
    {
      "url": "http://example.com/fhir/example/StructureDefinition/legal-action",
      "title": "Extension : Practitioner Legal Actions",
      "types": [
        "Reference",
        "base64Binary",
        "boolean",
        "canonical",
        "code",
        "date",
        "dateTime",
        "decimal",
        "id",
        "instant",
        "integer",
        "markdown",
        "oid",
        "positiveInt",
        "string",
        "time",
        "unsignedInt",
        "uri",
        "url",
        "uuid",
        "Address",
        "Age",
        "Annotation",
        "Attachment",
        "CodeableConcept",
        "Coding",
        "ContactPoint",
        "Count",
        "Distance",
        "Duration",
        "HumanName",
        "Identifier",
        "Money",
        "Period",
        "Quantity",
        "Range",
        "Ratio",
        "Reference",
        "SampledData",
        "Signature",
        "Timing",
        "ContactDetail",
        "Contributor",
        "DataRequirement",
        "Expression",
        "ParameterDefinition",
        "RelatedArtifact",
        "TriggerDefinition",
        "UsageContext",
        "Dosage",
        "Meta"
      ]
    },
    {
      "url": "http://example.com/fhir/example/StructureDefinition/malpractice-coverage",
      "title": "Extension: proof of malpractice insurance coverage",
      "types": [
        "Reference"
      ]
    },
    {
      "url": "http://example.com/fhir/example/StructureDefinition/primary-source",
      "title": "Extension : Primary Source Verification Information",
      "types": [
        "string",
        "dateTime",
        "Reference",
        "base64Binary",
        "boolean",
        "canonical",
        "code",
        "date",
        "dateTime",
        "decimal",
        "id",
        "instant",
        "integer",
        "markdown",
        "oid",
        "positiveInt",
        "string",
        "time",
        "unsignedInt",
        "uri",
        "url",
        "uuid",
        "Address",
        "Age",
        "Annotation",
        "Attachment",
        "CodeableConcept",
        "Coding",
        "ContactPoint",
        "Count",
        "Distance",
        "Duration",
        "HumanName",
        "Identifier",
        "Money",
        "Period",
        "Quantity",
        "Range",
        "Ratio",
        "Reference",
        "SampledData",
        "Signature",
        "Timing",
        "ContactDetail",
        "Contributor",
        "DataRequirement",
        "Expression",
        "ParameterDefinition",
        "RelatedArtifact",
        "TriggerDefinition",
        "UsageContext",
        "Dosage",
        "Meta"
      ]
    }
  ],
  "profiles": {
    "Practitioner": [
      {
        "url": "http://example.com/fhir/example/StructureDefinition/DQ-PSV-Practitioner-Legal-Action",
        "title": "Data Quality and Primary Source Verfication Practitioner"
      }
    ],
    "Claim": [
      {
        "url": "http://example.com/fhir/example/StructureDefinition/DQ-PSV-malpractice-claim",
        "title": "DQPSVMalpracticeCliam"
      }
    ],
    "Coverage": [
      {
        "url": "http://example.com/fhir/example/StructureDefinition/DQ-PSV-malpractice-coverage",
        "title": "DQPSVMalpracticeCoverage"
      }
    ],
    "Consent": [
      {
        "url": "http://example.com/fhir/example/StructureDefinition/DQ-PSV-santion",
        "title": "DQPSVSanction"
      }
    ],
    "PractitionerRole": [
      {
        "url": "http://example.com/fhir/example/StructureDefinition/practitionerRole",
        "title": "DQPSVWorkHistory"
      }
    ]
  },
  "usage": {
    "http://example.com/fhir/example/StructureDefinition/legal-action": [
      "Practitioner"
    ],
    "http://example.com/fhir/example/StructureDefinition/malpractice-coverage": [
      "Practitioner"
    ],
    "http://example.com/fhir/example/StructureDefinition/primary-source": [
      "Claim",
      "Consent",
      "Coverage",
      "Practitioner",
      "PractitionerRole"
    ],
    "http://hl7.org/fhir/StructureDefinition/elementdefinition-bestpractice": [
      "StructureDefinition.snapshot.element.constraint"
    ],
    "http://hl7.org/fhir/StructureDefinition/elementdefinition-bestpractice-explanation": [
      "StructureDefinition.snapshot.element.constraint"
    ],
    "http://hl7.org/fhir/StructureDefinition/elementdefinition-bindingName": [
      "StructureDefinition.snapshot.element.binding"
    ],
    "http://hl7.org/fhir/StructureDefinition/elementdefinition-isCommonBinding": [
      "StructureDefinition.snapshot.element.binding"
    ],
    "http://hl7.org/fhir/StructureDefinition/elementdefinition-maxValueSet": [
      "StructureDefinition.snapshot.element.binding"
    ],
    "http://hl7.org/fhir/StructureDefinition/structuredefinition-explicit-type-name": [
      "StructureDefinition.snapshot.element"
    ],
    "http://hl7.org/fhir/StructureDefinition/structuredefinition-fhir-type": [
      "StructureDefinition.snapshot.element.type"
    ],
    "http://hl7.org/fhir/tools/StructureDefinition/ig-internal-dependency": [
      "ImplementationGuide.definition"
    ],
    "http://hl7.org/fhir/tools/StructureDefinition/ig-page-name": [
      "ImplementationGuide.definition.page",
      "ImplementationGuide.definition.page.page"
    ],
    "http://hl7.org/fhir/tools/StructureDefinition/ig-parameter": [
      "ImplementationGuide.definition"
    ],
    "http://hl7.org/fhir/tools/StructureDefinition/implementationguide-dependency-comment": [
      "ImplementationGuide.dependsOn"
    ],
    "http://hl7.org/fhir/tools/StructureDefinition/resource-information": [
      "ImplementationGuide.definition.resource"
    ]
  }
}