<?xml version="1.0" encoding="UTF-8"?>

<Consent xmlns="http://hl7.org/fhir">
  <id value="Sanction-vhdir-restriction-8bd279af-125a-4318-b461-PSOD8YFAYTS"/>
  <meta>
    <profile value="http://example.com/fhir/example/StructureDefinition/DQ-PSV-santion"/>
  </meta>
  <text>
    <status value="extensions"/><div xmlns="http://www.w3.org/1999/xhtml"><p><b>Generated Narrative: Consent</b><a name="Sanction-vhdir-restriction-8bd279af-125a-4318-b461-PSOD8YFAYTS"> </a></p><div style="display: inline-block; background-color: #d9e0e7; padding: 6px; margin: 4px; border: 1px solid #8da1b4; border-radius: 5px; line-height: 60%"><p style="margin-bottom: 0px">Resource Consent &quot;Sanction-vhdir-restriction-8bd279af-125a-4318-b461-PSOD8YFAYTS&quot; </p><p style="margin-bottom: 0px">Profile: <a href="StructureDefinition-DQ-PSV-santion.html">DQPSVSanction</a></p></div><blockquote><p><b>Extension : Primary Source Verification Information</b></p><blockquote><p><b>url</b></p><code>verificationURL</code></blockquote><p><b>value</b>: http://example.url.com/sanctions</p><blockquote><p><b>url</b></p><code>lastPublished</code></blockquote><p><b>value</b>: 2023-01-01</p><blockquote><p><b>url</b></p><code>who</code></blockquote><p><b>value</b>: <a href="Organization-PrimarySourceOrganization-f8881e4c-272a-11ee-be56-0242ac120002.html">Organization/PrimarySourceOrganization-f8881e4c-272a-11ee-be56-0242ac120002</a> &quot;PrimarySource Organization&quot;</p></blockquote><p><b>identifier</b>: sanction: ?ngen-9? (use: OFFICIAL)</p><p><b>status</b>: active</p><p><b>scope</b>: sanction <span style="background: LightGoldenRodYellow; margin: 4px; border: 1px solid khaki"> ([not stated]#sanction)</span></p><p><b>category</b>: saction <span style="background: LightGoldenRodYellow; margin: 4px; border: 1px solid khaki"> ([not stated]#saction)</span></p><p><b>policyRule</b>: sanction <span style="background: LightGoldenRodYellow; margin: 4px; border: 1px solid khaki"> ([not stated]#sanction)</span></p><blockquote><p><b>provision</b></p><p><b>type</b>: deny</p><h3>Actors</h3><table class="grid"><tr><td style="display: none">-</td><td><b>Role</b></td><td><b>Reference</b></td></tr><tr><td style="display: none">*</td><td>doctor <span style="background: LightGoldenRodYellow; margin: 4px; border: 1px solid khaki"> ([not stated]#doctor)</span></td><td><a href="Practitioner-thePractitioner-8bd279af-125a-4318-b461-sda0867067s.html">Practitioner/thePractitioner-8bd279af-125a-4318-b461-sda0867067s</a> &quot; DOE&quot;</td></tr></table><p><b>action</b>: morningRounds <span style="background: LightGoldenRodYellow; margin: 4px; border: 1px solid khaki"> ([not stated]#morningRounds)</span></p></blockquote></div>
  </text>
  <extension url="http://example.com/fhir/example/StructureDefinition/primary-source">
    <extension url="verificationURL">
      <valueString value="http://example.url.com/sanctions"/>
    </extension>
    <extension url="lastPublished">
      <valueDateTime value="2023-01-01"/>
    </extension>
    <extension url="who">
      <valueReference>
        <reference value="Organization/PrimarySourceOrganization-f8881e4c-272a-11ee-be56-0242ac120002"/>
      </valueReference>
    </extension>
  </extension>
  <identifier>
    <use value="official"/>
    <type>
      <coding>
        <code value="sanction"/>
      </coding>
    </type>
  </identifier>
  <status value="active"/>
  <scope>
    <coding>
      <code value="sanction"/>
    </coding>
  </scope>
  <category>
    <coding>
      <code value="saction"/>
    </coding>
  </category>
  <policyRule>
    <coding>
      <code value="sanction"/>
    </coding>
  </policyRule>
  <provision>
    <type value="deny"/>
    <actor>
      <role>
        <coding>
          <code value="doctor"/>
        </coding>
      </role>
      <reference>
        <reference value="Practitioner/thePractitioner-8bd279af-125a-4318-b461-sda0867067s"/>
      </reference>
    </actor>
    <action>
      <coding>
        <code value="morningRounds"/>
      </coding>
    </action>
  </provision>
</Consent>