<?xml version="1.0" encoding="UTF-8"?>

<Organization xmlns="http://hl7.org/fhir">
  <id value="QulificationDCSOrganization-25560a5d-1c71-4af2-86a6-46acb9daa102"/>
  <text>
    <status value="generated"/><div xmlns="http://www.w3.org/1999/xhtml"><p><b>Generated Narrative: Organization</b><a name="QulificationDCSOrganization-25560a5d-1c71-4af2-86a6-46acb9daa102"> </a></p><div style="display: inline-block; background-color: #d9e0e7; padding: 6px; margin: 4px; border: 1px solid #8da1b4; border-radius: 5px; line-height: 60%"><p style="margin-bottom: 0px">Resource Organization &quot;QulificationDCSOrganization-25560a5d-1c71-4af2-86a6-46acb9daa102&quot; </p></div><p><b>identifier</b>: id: 25560a5d-1c71-4af2-86a6-46acb9daa102 (use: OFFICIAL)</p><p><b>name</b>: DCS-Florida</p></div>
  </text>
  <identifier>
    <use value="official"/>
    <value value="25560a5d-1c71-4af2-86a6-46acb9daa102"/>
  </identifier>
  <name value="DCS-Florida"/>
</Organization>