<?xml version="1.0" encoding="UTF-8"?>

<PractitionerRole xmlns="http://hl7.org/fhir">
  <id value="WorkHistory0-3a9730f6-b0ff-470b-919b-e555057c5c5c"/>
  <meta>
    <profile value="http://example.com/fhir/example/StructureDefinition/practitionerRole"/>
  </meta>
  <text>
    <status value="extensions"/><div xmlns="http://www.w3.org/1999/xhtml"><p><b>Generated Narrative: PractitionerRole</b><a name="WorkHistory0-3a9730f6-b0ff-470b-919b-e555057c5c5c"> </a></p><div style="display: inline-block; background-color: #d9e0e7; padding: 6px; margin: 4px; border: 1px solid #8da1b4; border-radius: 5px; line-height: 60%"><p style="margin-bottom: 0px">Resource PractitionerRole &quot;WorkHistory0-3a9730f6-b0ff-470b-919b-e555057c5c5c&quot; </p><p style="margin-bottom: 0px">Profile: <a href="StructureDefinition-practitionerRole.html">DQPSVWorkHistory</a></p></div><blockquote><p><b>Extension : Primary Source Verification Information</b></p><blockquote><p><b>url</b></p><code>verificationURL</code></blockquote><p><b>value</b>: http://example.url.com/workhistory</p><blockquote><p><b>url</b></p><code>lastPublished</code></blockquote><p><b>value</b>: 2023-01-01</p><blockquote><p><b>url</b></p><code>who</code></blockquote><p><b>value</b>: <a href="Organization-PrimarySourceOrganization-f8881e4c-272a-11ee-be56-0242ac120002.html">Organization/PrimarySourceOrganization-f8881e4c-272a-11ee-be56-0242ac120002</a> &quot;PrimarySource Organization&quot;</p></blockquote><p><b>identifier</b>: id: ?ngen-9? (use: OFFICIAL)</p><p><b>period</b>: 1990-01-01 --&gt; 2000-12-19</p><p><b>practitioner</b>: <a href="Practitioner-thePractitioner-8bd279af-125a-4318-b461-sda0867067s.html">Practitioner/thePractitioner-8bd279af-125a-4318-b461-sda0867067s</a> &quot; DOE&quot;</p><p><b>organization</b>: <a href="Organization-Employer0-73e9266d-aadf-4c7f-9d3c-731c913e6d2b.html">Organization/Employer0-73e9266d-aadf-4c7f-9d3c-731c913e6d2b</a> &quot;Hospital employer&quot;</p><p><b>code</b>: doctor <span style="background: LightGoldenRodYellow; margin: 4px; border: 1px solid khaki"> ([not stated]#doctor)</span></p></div>
  </text>
  <extension url="http://example.com/fhir/example/StructureDefinition/primary-source">
    <extension url="verificationURL">
      <valueString value="http://example.url.com/workhistory"/>
    </extension>
    <extension url="lastPublished">
      <valueDateTime value="2023-01-01"/>
    </extension>
    <extension url="who">
      <valueReference>
        <reference value="Organization/PrimarySourceOrganization-f8881e4c-272a-11ee-be56-0242ac120002"/>
      </valueReference>
    </extension>
  </extension>
  <identifier id="3a9730f6-b0ff-470b-919b-e555057c5c5c">
    <use value="official"/>
  </identifier>
  <period>
    <start value="1990-01-01"/>
    <end value="2000-12-19"/>
  </period>
  <practitioner>
    <reference value="Practitioner/thePractitioner-8bd279af-125a-4318-b461-sda0867067s"/>
  </practitioner>
  <organization>
    <reference value="Organization/Employer0-73e9266d-aadf-4c7f-9d3c-731c913e6d2b"/>
  </organization>
  <code>
    <coding>
      <code value="doctor"/>
    </coding>
  </code>
</PractitionerRole>