{
  "resourceType" : "Patient",
  "id" : "MockedCliamPatient-8bd279af-125a-4318-b461-7ADYA78T7890",
  "text" : {
    "status" : "generated",
    "div" : "<div xmlns=\"http://www.w3.org/1999/xhtml\"><p style=\"border: 1px #661aff solid; background-color: #e6e6ff; padding: 10px;\"><b>Anonymous Patient</b> (no stated gender), DoB Unknown ( id:\u00a08bd279af-125a-4318-b461-7ADYA78T7890\u00a0(use:\u00a0OFFICIAL))</p><hr/></div>"
  },
  "identifier" : [{
    "use" : "official",
    "value" : "8bd279af-125a-4318-b461-7ADYA78T7890"
  }]
}